{
  "_id": "Client Demographics",
  "collection": "question",
  "couchapp": {},
  "id": "Client Demographics",
  "questions": [
    {
      "_id": "1599",
      "action_on_change": "",
      "action_on_questions_loaded": "",
      "id": "1599",
      "label": "Client ID",
      "repeatable": "false",
      "required": "true",
      "skip_logic": "",
      "type": "text",
      "validation": ""
    },
    {
      "_id": "553",
      "action_on_questions_loaded": "",
      "id": "553",
      "label": "Have you ever been to a SW clinic to access services before?",
      "radio-options": "Yes, No",
      "repeatable": "false",
      "required": "true",
      "type": "radio",
      "validation": ""
    },
    {
      "_id": "554",
      "action_on_questions_loaded": "",
      "id": "554",
      "label": "Which clinic did you access services from before?",
      "autocomplete-options": "Beitbridge, Bindura, Birchenough Bridge, Bulawayo, Checheche, Chinhoyi, Chipinge, Chirundu, Chivhu, Gutu, Gwanda, Gweru, Harare, Hwange, Juru, Kadoma, Kariba, Karoi, Lupane, Magunje, Marondera, Masvingo, Murambinda, Murehwa, Mutare, Mutoko, Ngundu, Nyamapanda, Plumtree, Rusape, Vic Falls, West Nicholson, Zvishavane",
      "repeatable": "false",
      "required": "true",
      "skip_logic": "ResultOfQuestion('HaveyoueverbeentoaSWclinictoaccessservicesbefore') isnt 'Yes'",
      "type": "autocomplete from list",
      "validation": ""
    },

    {
      "_id": "133",
      "action_on_questions_loaded": "",
      "id": "133",
      "label": "Do you know your year of birth?",
      "radio-options": "Yes, No",
      "repeatable": "false",
      "required": "true",
      "type": "radio",
      "validation": ""
    },
    {
      "_id": "492",
      "action_on_questions_loaded": "",
      "id": "492",
      "label": "What is your year of birth?",
      "repeatable": "false",
      "required": "true",
      "skip_logic": "ResultOfQuestion('Doyouknowyouryearofbirth') isnt 'Yes'",
      "type": "number",
      "validation": "return \"Year must be greater than #{moment().year()-100} and less than #{moment().year()}\" if value <= moment().year()-100 or value >= moment().year()"
    },
    {
      "_id": "135",
      "action_on_questions_loaded": "",
      "id": "135",
      "label": "Do you know your month of birth?",
      "radio-options": "Yes,No",
      "repeatable": "false",
      "required": "true",
      "skip_logic": "ResultOfQuestion('Doyouknowyouryearofbirth') isnt 'Yes'",
      "type": "radio",
      "validation": ""
    },
    {
      "_id": "856",
      "action_on_questions_loaded": "",
      "id": "856",
      "label": "What is your month of birth?",
      "radio-options": "January, February, March, April, May, June, July, August, September, October, November, December",
      "repeatable": "false",
      "required": "true",
      "skip_logic": "ResultOfQuestion('Doyouknowyourmonthofbirth') isnt 'Yes'",
      "type": "radio",
      "validation": ""
    },
    {
      "_id": "193",
      "action_on_questions_loaded": "",
      "id": "193",
      "label": "Do you know your day of birth?",
      "radio-options": "Yes,No",
      "repeatable": "false",
      "required": "true",
      "skip_logic": "ResultOfQuestion('Doyouknowyourmonthofbirth') isnt 'Yes'",
      "type": "radio",
      "validation": ""
    },
    {
      "_id": "669",
      "action_on_questions_loaded": "",
      "id": "669",
      "label": "What is your day of birth?",
      "repeatable": "false",
      "required": "true",
      "skip_logic": "ResultOfQuestion('Doyouknowyourdayofbirth') isnt 'Yes'",
      "type": "number",
      "validation": ""
    },
    {
      "_id": "891",
      "action_on_questions_loaded": "",
      "id": "891",
      "label": "What is your age?",
      "repeatable": "false",
      "required": "true",
      "safeLabel": "Whatisyourage",
      "skip_logic": "ResultOfQuestion('Doyouknowyouryearofbirth') isnt 'No'",
      "type": "number",
      "validation": "if value <= 10 or value >= 100 then return 'Please enter a value between 10 and 100'"
    },
    {
      "_id": "278",
      "action_on_questions_loaded": "",
      "id": "278",
      "label": "Are you currently married?",
      "radio-options": "Yes, No",
      "repeatable": "false",
      "required": "true",
      "type": "radio",
      "validation": ""
    },
    {
      "_id": "64",
      "action_on_questions_loaded": "",
      "id": "64",
      "label": "Are you single?",
      "radio-options": "Yes, No",
      "repeatable": "false",
      "required": "true",
      "skip_logic": "ResultOfQuestion('Areyoucurrentlymarried') isnt 'No'",
      "type": "radio",
      "validation": ""
    },
    {
      "_id": "122",
      "action_on_questions_loaded": "",
      "id": "122",
      "label": "Are you together (Muchiri mese here) or separated?",
      "radio-options": "Together, Separated",
      "repeatable": "false",
      "required": "true",
      "skip_logic": "ResultOfQuestion('Areyoucurrentlymarried') isnt 'Yes'",
      "type": "radio",
      "validation": ""
    },
    {
      "_id": "134",
      "action_on_questions_loaded": "",
      "id": "134",
      "label": "Are you cohabiting?",
      "radio-options": "Yes, No",
      "repeatable": "false",
      "required": "true",
      "skip_logic": "ResultOfQuestion('Areyousingle') != 'No'",
      "type": "radio",
      "validation": ""
    },
    {
      "_id": "320",
      "action_on_questions_loaded": "",
      "id": "320",
      "label": "Have you ever been divorced?",
      "radio-options": "Yes, No",
      "repeatable": "false",
      "required": "true",
      "type": "radio",
      "validation": ""
    },
    {
      "_id": "419",
      "action_on_questions_loaded": "",
      "id": "419",
      "label": "Have you ever been widowed?",
      "radio-options": "Yes, No",
      "repeatable": "false",
      "required": "true",
      "type": "radio",
      "validation": ""
    },
    {
      "_id": "238",
      "action_on_questions_loaded": "",
      "id": "238",
      "label": "What is your highest level of Education?",
      "radio-options": "None, Primary School, Secondary School, Tertiary Education",
      "repeatable": "false",
      "required": "true",
      "type": "radio",
      "validation": ""
    },
    {
      "_id": "279",
      "action_on_questions_loaded": "",
      "id": "279",
      "label": "What is your religion?",
      "radio-options": "African traditional, Anglican, Apostolic, Baptist, Catholic, Lutheran, Methodist, Muslim, Pentecostal, Presbyterian, No religion, Other",
      "repeatable": "false",
      "required": "true",
      "type": "radio",
      "validation": ""
    },
    {
      "_id": "6",
      "action_on_questions_loaded": "",
      "id": "6",
      "label": "Other Religion Description",
      "repeatable": "false",
      "required": "false",
      "skip_logic": "ResultOfQuestion('Whatisyourreligion') isnt 'Other' ",
      "type": "autocomplete from previous entries",
      "validation": ""
    },
    {
      "_id": "136",
      "action_on_change": "SkipTheseWhen('TotalNumberofBiologicalChildrenAlive, DiedinFirstFiveYears, DiedAboveFiveYears, LiveBirths, MiscarriagesAbortions', value isnt 'Yes')",
      "action_on_questions_loaded": "",
      "id": "136",
      "label": "Have you ever been pregnant?",
      "radio-options": "Yes,No",
      "repeatable": "false",
      "required": "true",
      "type": "radio",
      "validation": ""
    },
    {
      "_id": "523",
      "action_on_questions_loaded": "",
      "id": "523",
      "label": "Live Births",
      "repeatable": "false",
      "required": "true",
      "skip_logic": "",
      "type": "number",
      "validation": ""
    },
    {
      "_id": "156",
      "action_on_questions_loaded": "",
      "id": "156",
      "label": "Miscarriages & Abortions",
      "repeatable": "false",
      "required": "true",
      "type": "number",
      "validation": ""
    },
    {
      "_id": "597",
      "action_on_questions_loaded": "",
      "id": "597",
      "label": "Died in First Five Years",
      "repeatable": "false",
      "required": "true",
      "type": "number",
      "validation": ""
    },
    {
      "_id": "815",
      "action_on_questions_loaded": "",
      "id": "815",
      "label": "Died Above Five Years",
      "repeatable": "false",
      "required": "true",
      "type": "number",
      "validation": ""
    },
    {
      "_id": "162",
      "action_on_questions_loaded": "",
      "id": "162",
      "label": "Total Number of Biological Children Alive",
      "repeatable": "false",
      "required": "true",
      "type": "number",
      "validation": "n1 = parseInt(ResultOfQuestion('LiveBirths'));n2 = parseInt(ResultOfQuestion('DiedAboveFiveYears')); n3 = parseInt(ResultOfQuestion('DiedinFirstFiveYears')); return \"This number must equal the number of live births minus the number of children that have died.\" if parseInt(value) isnt (n1 - n2 - n3) and (n1-n2-n3 isnt Number.NaN)"
    },
    {
      "_id": "937",
      "action_on_questions_loaded": "",
      "id": "937",
      "label": "Number of Children in Care Under 18",
      "repeatable": "false",
      "required": "true",
      "safeLabel": "NumberofChildreninCareUnder18",
      "type": "number",
      "validation": ""
    },
    {
      "_id": "595",
      "action_on_questions_loaded": "",
      "id": "595",
      "label": "Number of Children in Care Under 5",
      "repeatable": "false",
      "required": "true",
      "type": "number",
      "validation": "return 'This number cannot be higher than the number of children under 18.' if ResultOfQuestion('NumberofChildreninCareUnder18') < value"
    },
    {
      "_id": "313",
      "action_on_questions_loaded": "",
      "id": "313",
      "label": "How did you hear about this clinic?",
      "repeatable": "false",
      "required": "true",
      "type": "label",
      "validation": ""
    },
    {
      "_id": "339",
      "action_on_questions_loaded": "",
      "id": "339",
      "label": "Peer Educator",
      "radio-options": "Yes, No",
      "repeatable": "false",
      "required": "true",
      "type": "radio",
      "validation": ""
    },
    {
      "_id": "187",
      "action_on_questions_loaded": "",
      "id": "187",
      "label": "Flyer",
      "radio-options": "Yes, No",
      "repeatable": "false",
      "required": "true",
      "type": "radio",
      "validation": ""
    },
    {
      "_id": "746",
      "action_on_questions_loaded": "",
      "id": "746",
      "label": "Clinic Staff",
      "radio-options": "Yes, No",
      "repeatable": "false",
      "required": "true",
      "type": "radio",
      "validation": ""
    },
    {
      "_id": "851",
      "action_on_questions_loaded": "",
      "id": "851",
      "label": "Colleague/Peer",
      "radio-options": "Yes, No",
      "repeatable": "false",
      "required": "true",
      "type": "radio",
      "validation": ""
    },
    {
      "_id": "164",
      "action_on_questions_loaded": "",
      "id": "164",
      "label": "Referred by other",
      "radio-options": "Yes, No",
      "repeatable": "false",
      "required": "true",
      "type": "radio",
      "validation": ""
    },
    {
      "_id": "5",
      "action_on_questions_loaded": "",
      "id": "5",
      "label": "Referred by Other Description",
      "repeatable": "false",
      "required": "false",
      "skip_logic": "ResultOfQuestion('Referredbyother') isnt 'true'",
      "type": "autocomplete from previous entries",
      "validation": ""
    },
    {
      "_id": "105",
      "action_on_questions_loaded": "",
      "id": "105",
      "label": "Where do you live?",
      "repeatable": "false",
      "required": "true",
      "type": "autocomplete from previous entries",
      "validation": ""
    },
    {
      "_id": "59",
      "action_on_questions_loaded": "",
      "id": "59",
      "label": "How long have you lived there?",
      "radio-options": "0-6 months, 6-12 months, 1-5 years, > 5 years",
      "repeatable": "false",
      "required": "true",
      "type": "radio",
      "validation": ""
    },
    {
      "_id": "598",
      "action_on_change": "SkipTheseWhen('Whatwasthereasonforyourlasthealthfacilityvisit, Whatwasyourprimaryreasonfortakingyourselftoahealthfacility', value isnt 'Yes')",
      "action_on_questions_loaded": "",
      "id": "598",
      "label": "Have you visited a health facility in the last 3 months?",
      "radio-options": "Yes, No",
      "repeatable": "false",
      "required": "true",
      "type": "radio",
      "validation": ""
    },
    {
      "_id": "28",
      "action_on_questions_loaded": "",
      "id": "28",
      "label": "What was the reason for your last health facility visit?",
      "radio-options": "Taking a child or someone else, Taking self",
      "repeatable": "false",
      "required": "true",
      "skip_logic": "",
      "type": "radio",
      "validation": ""
    },
    {
      "_id": "717",
      "action_on_questions_loaded": "",
      "id": "717",
      "label": "What was your primary reason for taking yourself to a health facility?",
      "radio-options": "General illness, Family planning, VCT/OI, STI diagnosis, Maternity",
      "repeatable": "false",
      "required": "true",
      "skip_logic": "ResultOfQuestion('Whatwasthereasonforyourlasthealthfacilityvisit') isnt 'Taking self'",
      "type": "radio",
      "validation": ""
    },
    {
      "_id": "648",
      "action_on_questions_loaded": "",
      "autocomplete-options": "beer hall, nightclubs, streets, highways, markets, shabeen, cross border, hotels, home, other",
      "id": "648",
      "label": "Where do you most often work?",
      "repeatable": "false",
      "required": "true",
      "type": "autocomplete from list",
      "validation": ""
    },
    {
      "_id": "384",
      "action_on_questions_loaded": "",
      "autocomplete-options": "Beer hall, nightclubs, streets, highways, markets, shabeen, cross border, hotels, other",
      "id": "384",
      "label": "Where else do you work? (1)",
      "repeatable": "false",
      "required": "false",
      "type": "autocomplete from list",
      "validation": ""
    },
    {
      "_id": "284",
      "action_on_questions_loaded": "",
      "autocomplete-options": "Beer hall, nightclubs, streets, highways, markets, shabeen, cross border, hotels, other",
      "id": "284",
      "label": "Where else do you work? (2)",
      "repeatable": "false",
      "required": "false",
      "type": "autocomplete from list",
      "validation": ""
    },
    {
      "_id": "333",
      "action_on_questions_loaded": "",
      "id": "333",
      "label": "In the past six months have you experienced any of the following? (tick all that apply)",
      "repeatable": "false",
      "required": "true",
      "type": "label",
      "validation": ""
    },
    {
      "_id": "919",
      "action_on_questions_loaded": "",
      "id": "919",
      "label": "Legal Issues",
      "radio-options": "Yes, No",
      "repeatable": "false",
      "required": "true",
      "type": "radio",
      "validation": ""
    },
    {
      "_id": "196",
      "action_on_questions_loaded": "",
      "id": "196",
      "label": "Police violence",
      "radio-options": "Yes, No",
      "repeatable": "false",
      "required": "true",
      "type": "radio",
      "validation": ""
    },
    {
      "_id": "250",
      "action_on_questions_loaded": "",
      "id": "250",
      "label": "Client violence",
      "radio-options": "Yes, No",
      "repeatable": "false",
      "required": "true",
      "type": "radio",
      "validation": ""
    },
    {
      "_id": "495",
      "action_on_questions_loaded": "",
      "id": "495",
      "label": "Domestic violence",
      "radio-options": "Yes, No",
      "repeatable": "false",
      "required": "true",
      "type": "radio",
      "validation": ""
    },
    {
      "_id": "777",
      "action_on_questions_loaded": "",
      "id": "777",
      "label": "Rape",
      "radio-options": "Yes, No",
      "repeatable": "false",
      "required": "true",
      "type": "radio",
      "validation": ""
    },
    {
      "_id": "78",
      "action_on_change": "",
      "action_on_questions_loaded": "",
      "id": "78",
      "label": "Other services",
      "radio-options": "Yes, No",
      "repeatable": "false",
      "required": "true",
      "type": "radio",
      "validation": ""
    },
    {
      "_id": "720",
      "action_on_questions_loaded": "",
      "id": "720",
      "label": "Other Services Description",
      "repeatable": "false",
      "required": "true",
      "skip_logic": "ResultOfQuestion('Otherservices') isnt 'Yes'",
      "type": "text",
      "validation": ""
    },
    {
      "_id": "439",
      "action_on_questions_loaded": "",
      "id": "439",
      "label": "If services were offered to deal with these issues at the clinic do you think you would use them?",
      "radio-options": "Yes, No",
      "repeatable": "false",
      "required": "true",
      "type": "radio",
      "validation": ""
    },
    {
      "_id": "461",
      "action_on_questions_loaded": "",
      "id": "461",
      "label": "Why not?",
      "repeatable": "false",
      "required": "true",
      "skip_logic": "ResultOfQuestion('Ifserviceswereofferedtodealwiththeseissuesattheclinicdoyouthinkyouwouldusethem') isnt 'No'",
      "type": "text",
      "validation": ""
    },
    {
      "_id": "446",
      "action_on_questions_loaded": "",
      "id": "446",
      "label": "complete",
      "radio-options": "true",
      "repeatable": "false",
      "required": "false",
      "type": "checkbox",
      "validation": ""
    }
  ],
  "required": "false"
}
