{
    "_id": "Clinical Visit",
    "collection": "question",
    "couchapp": {},
    "id": "Clinical Visit",
    "questions": [
        {
            "_id": "1599",
            "action_on_change": "",
            "action_on_questions_loaded": "$('[name=ClientID]').attr('readonly', 'true')",
            "id": "1599",
            "label": "Client ID",
            "repeatable": "false",
            "required": "true",
            "skip_logic": "",
            "type": "text",
            "validation": ""
        },
        {
            "_id": "599",
            "action_on_change": "",
            "action_on_questions_loaded": "",
            "autocomplete-options": "Harare, Bulawayo",
            "id": "599",
            "label": "Clinic Location",
            "repeatable": "false",
            "required": "true",
            "safeLabel": "ClinicLocation",
            "skip_logic": "",
            "type": "autocomplete from previous entries",
            "validation": ""
        },
        {
            "_id": "133",
            "action_on_change": "",
            "action_on_questions_loaded": "",
            "id": "133",
            "label": "Do you know the year of your last menstruation period?",
            "radio-options": "Yes, No",
            "repeatable": "false",
            "required": "true",
            "safeLabel": "Doyouknowtheyearofyourlastmenstruationperiod",
            "skip_logic": "",
            "type": "radio",
            "validation": ""
        },
        {
            "_id": "492",
            "action_on_change": "",
            "action_on_questions_loaded": "",
            "id": "492",
            "label": "What is the year of your last menstruation period?",
            "repeatable": "false",
            "required": "true",
            "safeLabel": "Whatistheyearofyourlastmenstruationperiod",
            "skip_logic": "ResultOfQuestion('Doyouknowtheyearofyourlastmenstruationperiod') isnt 'Yes'",
            "type": "number",
            "validation": "return \"Year of last menstruation period must not be less than #{moment().year()-100} or more than #{moment().year()}\" if value < moment().year()-100 or value > moment().year()"
        },
        {
            "_id": "135",
            "action_on_change": "",
            "action_on_questions_loaded": "",
            "id": "135",
            "label": "Do you know the month of your last menstruation period?",
            "radio-options": "Yes,No",
            "repeatable": "false",
            "required": "true",
            "safeLabel": "Doyouknowthemonthofyourlastmenstruationperiod",
            "skip_logic": "ResultOfQuestion('Doyouknowtheyearofyourlastmenstruationperiod') isnt 'Yes'",
            "type": "radio",
            "validation": ""
        },
        {
            "_id": "856",
            "action_on_change": "",
            "action_on_questions_loaded": "",
            "id": "856",
            "label": "What is the month of your last menstruation period?",
            "radio-options": "January, February, March, April, May, June, July, August, September, October, November, December",
            "repeatable": "false",
            "required": "true",
            "safeLabel": "Whatisthemonthofyourlastmenstruationperiod",
            "skip_logic": "ResultOfQuestion('Doyouknowthemonthofyourlastmenstruationperiod') isnt 'Yes'",
            "type": "radio",
            "validation": ""
        },
        {
            "_id": "193",
            "action_on_change": "",
            "action_on_questions_loaded": "",
            "id": "193",
            "label": "Do you know the day of your last menstruation period?",
            "radio-options": "Yes,No",
            "repeatable": "false",
            "required": "true",
            "safeLabel": "Doyouknowthedayofyourlastmenstruationperiod",
            "skip_logic": "ResultOfQuestion('Doyouknowthemonthofyourlastmenstruationperiod') isnt 'Yes'",
            "type": "radio",
            "validation": ""
        },
        {
            "_id": "669",
            "action_on_change": "",
            "action_on_questions_loaded": "",
            "id": "669",
            "label": "What is the day of your last menstruation period?",
            "repeatable": "false",
            "required": "true",
            "safeLabel": "Whatisthedayofyourlastmenstruationperiod",
            "skip_logic": "ResultOfQuestion('Doyouknowthedayofyourlastmenstruationperiod') isnt 'Yes'",
            "type": "number",
            "validation": "return 'Invalid date' unless moment(ResultOfQuestion('Whatistheyearofyourlastmenstruationperiod') + ' ' + ResultOfQuestion('Whatisthemonthofyourlastmenstruationperiod') + ' ' + value,'YYYY,MMMM,DD').isValid()"
        },
        {
            "_id": "851",
            "action_on_change": "",
            "action_on_questions_loaded": "",
            "id": "851",
            "label": "Systolic Blood Pressure",
            "repeatable": "false",
            "required": "true",
            "safeLabel": "SystolicBloodPressure",
            "skip_logic": "",
            "type": "number",
            "validation": "if parseInt(value) < 60 or parseInt(value) > 240 then \"Must be between 60 and 240\" else null"
        },
        {
            "_id": "319",
            "action_on_change": "",
            "action_on_questions_loaded": "",
            "id": "319",
            "label": "Diastolic Blood Pressure",
            "repeatable": "false",
            "required": "true",
            "safeLabel": "DiastolicBloodPressure",
            "skip_logic": "",
            "type": "number",
            "validation": "if parseInt(value) < 50 or parseInt(value) > 180 then \"Must be between 50 and 180\" else null"
        },
        {
            "_id": "3219",
            "action_on_change": "",
            "action_on_questions_loaded": "",
            "id": "3219",
            "label": "Temperature",
            "repeatable": "false",
            "required": "true",
            "safeLabel": "Temperature",
            "skip_logic": "",
            "type": "number",
            "validation": "if parseInt(value) < 35 or parseInt(value) > 42 then \"Must be between 35 and 42\" else null"
        },
        {
            "_id": "3119",
            "action_on_change": "",
            "action_on_questions_loaded": "",
            "id": "3119",
            "label": "Weight",
            "repeatable": "false",
            "required": "true",
            "safeLabel": "Weight",
            "skip_logic": "",
            "type": "number",
            "validation": "if parseInt(value) < 20 or parseInt(value) > 200 then \"Must be between 20 and 200\" else null"
        },
        {
            "_id": "3211",
            "action_on_change": "",
            "action_on_questions_loaded": "",
            "id": "3211",
            "label": "Allergy to Penicillin",
            "radio-options": "Yes, No",
            "repeatable": "false",
            "required": "true",
            "safeLabel": "Allergies",
            "skip_logic": "",
            "type": "radio",
            "validation": ""
        },
        {
            "_id": "3212",
            "action_on_change": "",
            "action_on_questions_loaded": "",
            "id": "3212",
            "label": "Allergy to Cotrimoxazole",
            "radio-options": "Yes, No",
            "repeatable": "false",
            "required": "true",
            "safeLabel": "Allergies",
            "skip_logic": "",
            "type": "radio",
            "validation": ""
        },
        {
            "_id": "3213",
            "action_on_change": "",
            "action_on_questions_loaded": "",
            "id": "3213",
            "label": "Allergy to Tetracycline",
            "radio-options": "Yes, No",
            "repeatable": "false",
            "required": "true",
            "safeLabel": "Allergies",
            "skip_logic": "",
            "type": "radio",
            "validation": ""
        },
        {
            "_id": "3214",
            "action_on_change": "",
            "action_on_questions_loaded": "",
            "id": "3214",
            "label": "Allergy to Sulphurs",
            "radio-options": "Yes, No",
            "repeatable": "false",
            "required": "true",
            "safeLabel": "Allergies",
            "skip_logic": "",
            "type": "radio",
            "validation": ""
        },
        {
            "_id": "3215",
            "action_on_change": "",
            "action_on_questions_loaded": "",
            "id": "3215",
            "label": "Other allergy",
            "radio-options": "Yes, No",
            "repeatable": "false",
            "required": "true",
            "safeLabel": "Allergies",
            "skip_logic": "",
            "type": "radio",
            "validation": ""
        },
        {
            "_id": "3216",
            "action_on_change": "",
            "action_on_questions_loaded": "",
            "id": "3216",
            "label": "Other allergy description",
            "repeatable": "false",
            "required": "true",
            "safeLabel": "Allergies",
            "skip_logic": "ResultOfQuestion('Otherallergy') isnt 'Yes'",
            "type": "autocomplete from previous entries",
            "validation": ""
        },
        {
            "_id": "83",
            "action_on_change": "",
            "action_on_questions_loaded": "",
            "id": "83",
            "label": "Presenting Complaint 1",
            "radio-options": "ARV, DUB,Family Planning,HIV Test,LAP,PrEP,PV Ulcers,PV Warts,Reproductive Health Issues,Vaginal Discharge,Vulval Itchiness, Other",
            "repeatable": "false",
            "required": "true",
            "safeLabel": "PresentingComplaint1",
            "skip_logic": "",
            "type": "radio",
            "validation": ""
        },
        {
            "_id": "85",
            "action_on_change": "",
            "action_on_questions_loaded": "",
            "id": "85",
            "label": "Presenting Complaint 1 Description",
            "repeatable": "false",
            "required": "false",
            "safeLabel": "PresentingComplaint1Description",
            "skip_logic": "",
            "type": "autocomplete from previous entries",
            "validation": ""
        },
        {
            "_id": "1183",
            "action_on_change": "SkipTheseWhen('PresentingComplaint2Description,PresentingComplaint3,PresentingComplaint3Description, PresentingComplaint4, PresentingComplaint4Description', value is 'None')",
            "action_on_questions_loaded": "",
            "id": "1183",
            "label": "Presenting Complaint 2",
            "radio-options": "None, ARV, DUB,Family Planning,HIV Test,LAP,PrEP,PV Ulcers,PV Warts,Reproductive Health Issues,Vaginal Discharge,Vulval Itchiness, Other",
            "repeatable": "false",
            "required": "true",
            "safeLabel": "PresentingComplaint2",
            "skip_logic": "",
            "type": "radio",
            "validation": ""
        },
        {
            "_id": "1185",
            "action_on_change": "",
            "action_on_questions_loaded": "",
            "id": "1185",
            "label": "Presenting Complaint 2 Description",
            "repeatable": "false",
            "required": "false",
            "safeLabel": "PresentingComplaint2Description",
            "skip_logic": "ResultOfQuestion('PresentingComplaint2') is 'None'",
            "type": "autocomplete from previous entries",
            "validation": ""
        },
        {
            "_id": "1283",
            "action_on_change": "SkipTheseWhen('PresentingComplaint3Description, PresentingComplaint4, PresentingComplaint4Description',value is 'None')",
            "action_on_questions_loaded": "",
            "id": "1283",
            "label": "Presenting Complaint 3",
            "radio-options": "None, ARV, DUB,Family Planning,HIV Test,LAP,PrEP,PV Ulcers,PV Warts,Reproductive Health Issues,Vaginal Discharge,Vulval Itchiness, Other",
            "repeatable": "false",
            "required": "true",
            "safeLabel": "PresentingComplaint3",
            "skip_logic": "",
            "type": "radio",
            "validation": ""
        },
        {
            "_id": "1285",
            "action_on_change": "",
            "action_on_questions_loaded": "",
            "id": "1285",
            "label": "Presenting Complaint 3 Description",
            "repeatable": "false",
            "required": "false",
            "safeLabel": "PresentingComplaint3Description",
            "skip_logic": "ResultOfQuestion('PresentingComplaint3') is 'None' or ResultOfQuestion('PresentingComplaint2') is 'None'",
            "type": "autocomplete from previous entries",
            "validation": ""
        },
        {
            "_id": "1383",
            "action_on_change": "SkipTheseWhen('PresentingComplaint4Description',value is 'None')",
            "action_on_questions_loaded": "",
            "id": "1383",
            "label": "Presenting Complaint 4",
            "radio-options": "None, ARV, DUB,Family Planning,HIV Test,LAP,PrEP,PV Ulcers,PV Warts,Reproductive Health Issues,Vaginal Discharge,Vulval Itchiness, Other",
            "repeatable": "false",
            "required": "true",
            "safeLabel": "PresentingComplaint4",
            "skip_logic": "",
            "type": "radio",
            "validation": ""
        },
        {
            "_id": "1385",
            "action_on_change": "",
            "action_on_questions_loaded": "",
            "id": "1385",
            "label": "Presenting Complaint 4 Description",
            "repeatable": "false",
            "required": "false",
            "safeLabel": "PresentingComplaint4Description",
            "skip_logic": "ResultOfQuestion('PresentingComplaint4') is 'None' or ResultOfQuestion('PresentingComplaint3') is 'None' or ResultOfQuestion('PresentingComplaint2') is 'None'",
            "type": "autocomplete from previous entries",
            "validation": ""
        },
        {
            "_id": "1304",
            "action_on_change": "",
            "action_on_questions_loaded": "",
            "id": "1304",
            "label": "Genital Symptoms",
            "repeatable": "false",
            "required": "false",
            "safeLabel": "GenitalSymptoms",
            "skip_logic": "",
            "type": "label",
            "validation": ""
        },
        {
            "_id": "688",
            "action_on_change": "",
            "action_on_questions_loaded": "",
            "id": "688",
            "label": "Ulceration",
            "radio-options": "Yes, No",
            "repeatable": "false",
            "required": "true",
            "safeLabel": "Ulceration",
            "skip_logic": "",
            "type": "radio",
            "validation": ""
        },
        {
            "_id": "391",
            "action_on_change": "",
            "action_on_questions_loaded": "",
            "id": "391",
            "label": "Genital Itching",
            "radio-options": "Yes, No",
            "repeatable": "false",
            "required": "true",
            "safeLabel": "GenitalItching",
            "skip_logic": "",
            "type": "radio",
            "validation": ""
        },
        {
            "_id": "573",
            "action_on_change": "",
            "action_on_questions_loaded": "",
            "id": "573",
            "label": "Genital burning",
            "radio-options": "Yes, No",
            "repeatable": "false",
            "required": "true",
            "safeLabel": "Genitalburning",
            "skip_logic": "",
            "type": "radio",
            "validation": ""
        },
        {
            "_id": "922",
            "action_on_change": "",
            "action_on_questions_loaded": "",
            "id": "922",
            "label": "Genital pain",
            "radio-options": "Yes, No",
            "repeatable": "false",
            "required": "true",
            "safeLabel": "Genitalpain",
            "skip_logic": "",
            "type": "radio",
            "validation": ""
        },
        {
            "_id": "416",
            "action_on_change": "",
            "action_on_questions_loaded": "",
            "id": "416",
            "label": "Pain during sex",
            "radio-options": "Yes, No",
            "repeatable": "false",
            "required": "true",
            "safeLabel": "Painduringsex",
            "skip_logic": "",
            "type": "radio",
            "validation": ""
        },
        {
            "_id": "306",
            "action_on_change": "",
            "action_on_questions_loaded": "",
            "id": "306",
            "label": "Difficulty when urinating",
            "radio-options": "Yes, No",
            "repeatable": "false",
            "required": "true",
            "safeLabel": "Difficultywhenurinating",
            "skip_logic": "",
            "type": "radio",
            "validation": ""
        },
        {
            "_id": "199",
            "action_on_change": "",
            "action_on_questions_loaded": "",
            "id": "199",
            "label": "Burning when urinating",
            "radio-options": "Yes, No",
            "repeatable": "false",
            "required": "true",
            "safeLabel": "Burningwhenurinating",
            "skip_logic": "",
            "type": "radio",
            "validation": ""
        },
        {
            "_id": "471",
            "action_on_change": "",
            "action_on_questions_loaded": "",
            "id": "471",
            "label": "Vaginal discharge",
            "radio-options": "Yes, No",
            "repeatable": "false",
            "required": "true",
            "safeLabel": "Vaginaldischarge",
            "skip_logic": "",
            "type": "radio",
            "validation": ""
        },
        {
            "_id": "613",
            "action_on_change": "",
            "action_on_questions_loaded": "",
            "id": "613",
            "label": "Vaginal bleeding or spotting between usual menstrual periods",
            "radio-options": "Yes, No",
            "repeatable": "false",
            "required": "true",
            "safeLabel": "Vaginalbleedingorspottingbetweenusualmenstrualperiods",
            "skip_logic": "",
            "type": "radio",
            "validation": ""
        },
        {
            "_id": "415",
            "action_on_change": "",
            "action_on_questions_loaded": "",
            "id": "415",
            "label": "Blood-tinged discharge",
            "radio-options": "Yes, No",
            "repeatable": "false",
            "required": "true",
            "safeLabel": "Bloodtingeddischarge",
            "skip_logic": "",
            "type": "radio",
            "validation": ""
        },
        {
            "_id": "304",
            "action_on_change": "",
            "action_on_questions_loaded": "",
            "id": "304",
            "label": "Sexual History (prepare client)",
            "repeatable": "false",
            "required": "true",
            "safeLabel": "SexualHistoryprepareclient",
            "skip_logic": "",
            "type": "label",
            "validation": ""
        },
        {
            "_id": "845",
            "action_on_change": "SkipTheseWhen('Inthepastmonthhaveyouhadvaginalsexwithoutacondom,Inthepastmonthwithhowmanyclientsdidyouhavevaginalsexwithoutacondom,Inthepastmonthhowmanymenapartfromclientsdidyouhavevaginalsexwithoutacondom',value is 'No')",
            "action_on_questions_loaded": "",
            "id": "845",
            "label": "In the past month have you had vaginal sex?",
            "radio-options": "Yes, No",
            "repeatable": "false",
            "required": "true",
            "safeLabel": "Inthepastmonthhaveyouhadvaginalsex",
            "skip_logic": "",
            "type": "radio",
            "validation": ""
        },
        {
            "_id": "545",
            "action_on_change": "SkipTheseWhen('Inthepastmonthwithhowmanyclientsdidyouhavevaginalsexwithoutacondom,Inthepastmonthhowmanymenapartfromclientsdidyouhavevaginalsexwithoutacondom',value is 'No')",
            "action_on_questions_loaded": "",
            "id": "545",
            "label": "In the past month, have you had vaginal sex without a condom?",
            "radio-options": "Yes, No",
            "repeatable": "false",
            "required": "true",
            "safeLabel": "Inthepastmonthhaveyouhadvaginalsexwithoutacondom",
            "skip_logic": "",
            "type": "radio",
            "validation": ""
        },
        {
            "_id": "83",
            "action_on_change": "",
            "action_on_questions_loaded": "",
            "id": "83",
            "label": "In the past month, with how many clients did you have vaginal sex without a condom?",
            "repeatable": "false",
            "required": "true",
            "safeLabel": "Inthepastmonthhowmanyclientsdidyouhavevaginalsexwithoutacondom",
            "skip_logic": "",
            "type": "number",
            "validation": ""
        },
        {
            "_id": "692",
            "action_on_change": "",
            "action_on_questions_loaded": "",
            "id": "692",
            "label": "In the past month, how many men apart from clients did you have vaginal sex without a condom?",
            "repeatable": "false",
            "required": "true",
            "safeLabel": "Inthepastmonthhowmanymenapartfromclientsdidyouhavevaginalsexwithoutacondom",
            "skip_logic": "",
            "type": "number",
            "validation": ""
        },
        {
            "_id": "7",
            "action_on_change": "SkipTheseWhen('Inthepastmonthhaveyouhadanalsexwithoutacondom,Inthepastmonthwithhowmanyclientsdidyouhaveanalsexwithoutacondom,Inthepastmonthwithhowmanymenapartfromclientsdidyouhaveanalsexwithoutacondom',value is 'No')",
            "action_on_questions_loaded": "",
            "id": "7",
            "label": "In the past month have you had anal sex?",
            "radio-options": "Yes, No",
            "repeatable": "false",
            "required": "true",
            "safeLabel": "Inthepastmonthhaveyouhadanalsex",
            "skip_logic": "",
            "type": "radio",
            "validation": ""
        },
        {
            "_id": "732",
            "action_on_change": "SkipTheseWhen('Inthepastmonthwithhowmanyclientsdidyouhaveanalsexwithoutacondom,Inthepastmonthwithhowmanymenapartfromclientsdidyouhaveanalsexwithoutacondom',value is 'No')",
            "action_on_questions_loaded": "",
            "id": "732",
            "label": "In the past month, have you had anal sex without a condom?",
            "radio-options": "Yes, No",
            "repeatable": "false",
            "required": "true",
            "safeLabel": "Inthepastmonthhaveyouhadanalsexwithoutacondom",
            "skip_logic": "",
            "type": "radio",
            "validation": ""
        },
        {
            "_id": "74",
            "action_on_change": "",
            "action_on_questions_loaded": "",
            "id": "74",
            "label": "In the past month, with how many clients did you have anal sex without a condom?",
            "repeatable": "false",
            "required": "true",
            "safeLabel": "Inthepastmonthwithhowmanyclientsdidyouhaveanalsexwithoutacondom",
            "skip_logic": "",
            "type": "number",
            "validation": ""
        },
        {
            "_id": "354",
            "action_on_change": "",
            "action_on_questions_loaded": "",
            "id": "354",
            "label": "In the past month, with how many men apart from clients did you have anal sex without a condom?",
            "repeatable": "false",
            "required": "true",
            "safeLabel": "Inthepastmonthwithhowmanymenapartfromclientsdidyouhaveanalsexwithoutacondom",
            "skip_logic": "",
            "type": "number",
            "validation": ""
        },
        {
            "_id": "709",
            "action_on_change": "",
            "action_on_questions_loaded": "",
            "id": "709",
            "label": "In the past month have you had oral penile sex?",
            "radio-options": "Yes, No",
            "repeatable": "false",
            "required": "true",
            "safeLabel": "Inthepastmonthhaveyouhadoralpenilesex",
            "skip_logic": "",
            "type": "radio",
            "validation": ""
        },
        {
            "_id": "525",
            "action_on_change": "",
            "action_on_questions_loaded": "",
            "id": "525",
            "label": "In the past month did you use a condom every time for oral penile sex?",
            "radio-options": "Yes, No",
            "repeatable": "false",
            "required": "true",
            "safeLabel": "Inthepastmonthdidyouuseacondomeverytimefororalpenilesex",
            "skip_logic": "ResultOfQuestion('Inthepastmonthhaveyouhadoralpenilesex') isnt 'Yes'",
            "type": "radio",
            "validation": ""
        },
        {
            "_id": "428",
            "action_on_change": "",
            "action_on_questions_loaded": "",
            "id": "428",
            "label": "During the most recent sex with your most recent client, did you use a condom?",
            "radio-options": "Yes, No",
            "repeatable": "false",
            "required": "true",
            "safeLabel": "Duringthemostrecentsexwithyourmostrecentclientdidyouuseacondom",
            "skip_logic": "",
            "type": "radio",
            "validation": ""
        },
        {
            "_id": "835",
            "action_on_change": "",
            "action_on_questions_loaded": "",
            "id": "835",
            "label": "Do you have a regular partner?",
            "radio-options": "Yes, No",
            "repeatable": "false",
            "required": "true",
            "safeLabel": "Doyouhavearegularpartner",
            "skip_logic": "",
            "type": "radio",
            "validation": ""
        },
        {
            "_id": "343",
            "action_on_change": "",
            "action_on_questions_loaded": "",
            "id": "343",
            "label": "During the most recent sex with your regular partner, did you use a condom?",
            "radio-options": "Yes, No",
            "repeatable": "false",
            "required": "true",
            "safeLabel": "Duringthemostrecentsexwithyourregularpartnerdidyouuseacondom",
            "skip_logic": "ResultOfQuestion('Doyouhavearegularpartner') isnt 'Yes'",
            "type": "radio",
            "validation": ""
        },
        {
            "_id": "284",
            "action_on_change": "",
            "action_on_questions_loaded": "",
            "id": "284",
            "label": "Sexually Transmitted Infection (STI) History",
            "repeatable": "false",
            "required": "true",
            "safeLabel": "SexuallyTransmittedInfectionSTIHistory",
            "skip_logic": "",
            "type": "label",
            "validation": ""
        },
        {
            "_id": "865",
            "action_on_change": "SkipTheseWhen('DidyourmostrecentSTIinclude,Warts,Herpes,VDS,PID,GUD,DontKnow', value is 'No')",
            "action_on_questions_loaded": "",
            "id": "865",
            "label": "Have you ever had an STI?",
            "radio-options": "Yes, No",
            "repeatable": "false",
            "required": "true",
            "safeLabel": "HaveyoueverhadanSTI",
            "skip_logic": "",
            "type": "radio",
            "validation": ""
        },
        {
            "_id": "97",
            "action_on_change": "",
            "action_on_questions_loaded": "",
            "id": "97",
            "label": "Did your most recent STI include...",
            "repeatable": "false",
            "required": "true",
            "safeLabel": "DidyourmostrecentSTIinclude",
            "skip_logic": "",
            "type": "label",
            "validation": ""
        },
        {
            "_id": "470",
            "action_on_change": "",
            "action_on_questions_loaded": "",
            "id": "470",
            "label": "Warts",
            "radio-options": "Yes, No",
            "repeatable": "false",
            "required": "true",
            "safeLabel": "Warts",
            "skip_logic": "",
            "type": "radio",
            "validation": ""
        },
        {
            "_id": "257",
            "action_on_change": "",
            "action_on_questions_loaded": "",
            "id": "257",
            "label": "Herpes",
            "radio-options": "Yes, No",
            "repeatable": "false",
            "required": "true",
            "safeLabel": "Herpes",
            "skip_logic": "",
            "type": "radio",
            "validation": ""
        },
        {
            "_id": "47",
            "action_on_change": "",
            "action_on_questions_loaded": "",
            "id": "47",
            "label": "VDS",
            "radio-options": "Yes, No",
            "repeatable": "false",
            "required": "true",
            "safeLabel": "VDS",
            "skip_logic": "",
            "type": "radio",
            "validation": ""
        },
        {
            "_id": "297",
            "action_on_change": "",
            "action_on_questions_loaded": "",
            "id": "297",
            "label": "PID",
            "radio-options": "Yes, No, Don't know",
            "repeatable": "false",
            "required": "true",
            "safeLabel": "PID",
            "skip_logic": "",
            "type": "radio",
            "validation": ""
        },
        {
            "_id": "866",
            "action_on_change": "",
            "action_on_questions_loaded": "",
            "id": "866",
            "label": "GUD",
            "radio-options": "Yes, No",
            "repeatable": "false",
            "required": "true",
            "safeLabel": "GUD",
            "skip_logic": "",
            "type": "radio",
            "validation": ""
        },
        {
            "_id": "874",
            "action_on_change": "",
            "action_on_questions_loaded": "",
            "id": "874",
            "label": "Don't Know",
            "radio-options": "Yes, No",
            "repeatable": "false",
            "required": "true",
            "safeLabel": "DontKnow",
            "skip_logic": "",
            "type": "radio",
            "validation": ""
        },
        {
            "_id": "514",
            "action_on_change": "",
            "action_on_questions_loaded": "",
            "id": "514",
            "label": "HIV/ARV History",
            "repeatable": "false",
            "required": "true",
            "safeLabel": "HIVARVHistory",
            "skip_logic": "",
            "type": "label",
            "validation": ""
        },
        {
            "_id": "587",
            "action_on_change": "#SkipTheseWhen('HowmanyHIVtestshaveyouhad, WherewasyourlastHIVtesttaken, DoyouknowtheyearofyourlastHIVtest, DoyouknowthemonthofyourlastHIVtest, DoyouknowthedayofyourlastHIVtest, WhatwastheresultofyourlastHIVtest', value isnt 'Yes')",
            "action_on_questions_loaded": "",
            "id": "587",
            "label": "Have you ever had an HIV test?",
            "radio-options": "Yes, No",
            "repeatable": "false",
            "required": "true",
            "safeLabel": "HaveyoueverhadanHIVtest",
            "skip_logic": "",
            "type": "radio",
            "validation": ""
        },
        {
            "_id": "38",
            "action_on_change": "",
            "action_on_questions_loaded": "",
            "id": "38",
            "label": "How many HIV tests have you had?",
            "repeatable": "false",
            "required": "true",
            "safeLabel": "HowmanyHIVtestshaveyouhad",
            "skip_logic": "ResultOfQuestion('HaveyoueverhadanHIVtest') isnt 'Yes'",
            "type": "number",
            "validation": ""
        },
        {
            "_id": "2238",
            "action_on_change": "",
            "action_on_questions_loaded": "",
            "autocomplete-options": "Harare,Bulawayo",
            "id": "2238",
            "label": "Where was your last HIV test taken?",
            "repeatable": "false",
            "required": "true",
            "safeLabel": "WherewasyourlastHIVtesttaken",
            "skip_logic": "ResultOfQuestion('HaveyoueverhadanHIVtest') isnt 'Yes'",
            "type": "autocomplete from previous entries",
            "validation": ""
        },
        {
            "_id": "1133",
            "action_on_change": "",
            "action_on_questions_loaded": "",
            "id": "1133",
            "label": "Do you know the year of your last HIV test?",
            "radio-options": "Yes, No",
            "repeatable": "false",
            "required": "true",
            "safeLabel": "DoyouknowtheyearofyourlastHIVtest",
            "skip_logic": "ResultOfQuestion('HaveyoueverhadanHIVtest') isnt 'Yes'",
            "type": "radio",
            "validation": ""
        },
        {
            "_id": "1492",
            "action_on_change": "",
            "action_on_questions_loaded": "",
            "id": "1492",
            "label": "What is the year of your last HIV test?",
            "repeatable": "false",
            "required": "true",
            "safeLabel": "WhatistheyearofyourlastHIVtest",
            "skip_logic": "ResultOfQuestion('DoyouknowtheyearofyourlastHIVtest') isnt 'Yes'",
            "type": "number",
            "validation": "return \"Year must be greater than 1980 and less than #{moment().year()}\" if value <= 1980 and value >= moment().year()"
        },
        {
            "_id": "1135",
            "action_on_change": "",
            "action_on_questions_loaded": "",
            "id": "1135",
            "label": "Do you know the month of your last HIV test?",
            "radio-options": "Yes,No",
            "repeatable": "false",
            "required": "true",
            "safeLabel": "DoyouknowthemonthofyourlastHIVtest",
            "skip_logic": "ResultOfQuestion('DoyouknowtheyearofyourlastHIVtest') isnt 'Yes'",
            "type": "radio",
            "validation": ""
        },
        {
            "_id": "1856",
            "action_on_change": "",
            "action_on_questions_loaded": "",
            "id": "1856",
            "label": "What is the month of your last HIV test?",
            "radio-options": "January, February, March, April, May, June, July, August, September, October, November, December",
            "repeatable": "false",
            "required": "true",
            "safeLabel": "WhatisthemonthofyourlastHIVtest",
            "skip_logic": "ResultOfQuestion('DoyouknowthemonthofyourlastHIVtest') isnt 'Yes' or ResultOfQuestion('DoyouknowtheyearofyourlastHIVtest') isnt 'Yes'",
            "type": "radio",
            "validation": ""
        },
        {
            "_id": "1193",
            "action_on_change": "",
            "action_on_questions_loaded": "",
            "id": "1193",
            "label": "Do you know the day of your last HIV test?",
            "radio-options": "Yes,No",
            "repeatable": "false",
            "required": "true",
            "safeLabel": "DoyouknowthedayofyourlastHIVtest",
            "skip_logic": "ResultOfQuestion('DoyouknowthemonthofyourlastHIVtest') isnt 'Yes'",
            "type": "radio",
            "validation": ""
        },
        {
            "_id": "1669",
            "action_on_change": "",
            "action_on_questions_loaded": "",
            "id": "1669",
            "label": "What is the day of your last HIV test?",
            "repeatable": "false",
            "required": "true",
            "safeLabel": "WhatisthedayofyourlastHIVtest",
            "skip_logic": "ResultOfQuestion('DoyouknowthedayofyourlastHIVtest') isnt 'Yes'",
            "type": "number",
            "validation": "return 'Invalid date' unless moment(ResultOfQuestion('WhatistheyearofyourlastHIVtest') + ' ' + ResultOfQuestion('WhatisthemonthofyourlastHIVtest') + ' ' + value,'YYYY,MMMM,DD').isValid()"
        },
        {
            "_id": "1851",
            "action_on_change": "",
            "action_on_questions_loaded": "",
            "id": "1851",
            "label": "What was the result of your last HIV test?",
            "radio-options": "Positive, Negative, Don't know",
            "repeatable": "false",
            "required": "true",
            "safeLabel": "WhatwastheresultofyourlastHIVtest",
            "skip_logic": "ResultOfQuestion('HaveyoueverhadanHIVtest') isnt 'Yes'",
            "type": "radio",
            "validation": ""
        },
        {
            "_id": "2990",
            "action_on_change": "",
            "action_on_questions_loaded": "",
            "id": "2990",
            "label": "Reminder: Bring health card on next visit",
            "repeatable": "false",
            "required": "true",
            "safeLabel": "ReminderBringhealthcardonnextvisit",
            "skip_logic": "ResultOfQuestion('WhatwastheresultofyourlastHIVtest') isnt \"Don't know\"",
            "type": "label",
            "validation": ""
        },
        {
            "_id": "388",
            "action_on_change": "SkipTheseWhen('HaveyouusedPrEPinthepastmonth,HaveyoumissedadoseofPrEPinthelastweek', value isnt 'Yes')",
            "action_on_questions_loaded": "",
            "id": "388",
            "label": "Have you ever used PrEP",
            "radio-options": "Yes, No",
            "repeatable": "false",
            "required": "true",
            "safeLabel": "HaveyoueverusedPrEP",
            "skip_logic": "",
            "type": "radio",
            "validation": ""
        },
        {
            "_id": "571",
            "action_on_change": "",
            "action_on_questions_loaded": "",
            "id": "571",
            "label": "Have you used PrEP in the past month?",
            "radio-options": "Yes,No",
            "repeatable": "false",
            "required": "true",
            "safeLabel": "HaveyouusedPrEPinthepastmonth",
            "skip_logic": "",
            "type": "radio",
            "validation": ""
        },
        {
            "_id": "49",
            "action_on_change": "",
            "action_on_questions_loaded": "",
            "id": "49",
            "label": "Have you missed a dose of PrEP in the last week?",
            "radio-options": "Yes,No",
            "repeatable": "false",
            "required": "true",
            "safeLabel": "HaveyoumissedadoseofPrEPinthelastweek",
            "skip_logic": "",
            "type": "radio",
            "validation": ""
        },
        {
            "_id": "292",
            "action_on_change": "SkipTheseWhen( 'WhatwastheresultofyourmostrecentCD4count, HowlongagowasyourmostrecentCD4count', value isnt 'Yes')",
            "action_on_questions_loaded": "",
            "id": "292",
            "label": "Have you ever had a CD4 count?",
            "radio-options": "Yes, No",
            "repeatable": "false",
            "required": "true",
            "safeLabel": "HaveyoueverhadaCD4count",
            "skip_logic": "ResultOfQuestion('HaveyoueverhadanHIVtest') isnt 'Yes'",
            "type": "radio",
            "validation": ""
        },
        {
            "_id": "881",
            "action_on_change": "",
            "action_on_questions_loaded": "",
            "id": "881",
            "label": "What was the result of your most recent CD4 count?",
            "repeatable": "false",
            "required": "true",
            "safeLabel": "WhatwastheresultofyourmostrecentCD4count",
            "skip_logic": "ResultOfQuestion('HaveyoueverhadanHIVtest') isnt 'Yes'",
            "type": "number",
            "validation": ""
        },
        {
            "_id": "560",
            "action_on_change": "",
            "action_on_questions_loaded": "",
            "id": "560",
            "label": "How long ago was your most recent CD4 count?",
            "radio-options": "Less than 6 months ago,6-12 months ago,1-2 years ago,More than 2 years ago",
            "repeatable": "false",
            "required": "true",
            "safeLabel": "HowlongagowasyourmostrecentCD4count",
            "skip_logic": "ResultOfQuestion('HaveyoueverhadanHIVtest') isnt 'Yes'",
            "type": "radio",
            "validation": ""
        },
        {
            "_id": "818",
            "action_on_change": "",
            "action_on_questions_loaded": "",
            "id": "818",
            "label": "Are you taking CTX prophylaxis?",
            "radio-options": "Yes, No",
            "repeatable": "false",
            "required": "true",
            "safeLabel": "AreyoutakingCTXprophylaxis",
            "skip_logic": "",
            "type": "radio",
            "validation": ""
        },
        {
            "_id": "644",
            "action_on_change": "SkipTheseWhen('DoyouknowtheyearwhenyoustartedARV,DoyouknowthemonthwhenyoustartedARV,DoyouknowthedaywhenyoustartedARV', ResultOfQuestion('EverstartedARVforyourowntreatment') isnt 'Yes' and ResultOfQuestion('EvertakenARVtopreventinfectiontounbornchild') isnt 'Yes')",
            "action_on_questions_loaded": "",
            "id": "644",
            "label": "Ever taken ARV to prevent infection to unborn child?",
            "radio-options": "Yes, No",
            "repeatable": "false",
            "required": "true",
            "safeLabel": "EvertakenARVtopreventinfectiontounbornchild",
            "skip_logic": "ResultOfQuestion('HaveyoueverhadanHIVtest') isnt 'Yes'",
            "type": "radio",
            "validation": ""
        },
        {
            "_id": "966",
            "action_on_change": "SkipTheseWhen('DoyouknowtheyearwhenyoustartedARV,DoyouknowthemonthwhenyoustartedARV,DoyouknowthedaywhenyoustartedARV', ResultOfQuestion('EverstartedARVforyourowntreatment') isnt 'Yes' and ResultOfQuestion('EvertakenARVtopreventinfectiontounbornchild') isnt 'Yes')",
            "action_on_questions_loaded": "",
            "id": "966",
            "label": "Ever started ARV for your own treatment? ",
            "radio-options": "Yes, No",
            "repeatable": "false",
            "required": "true",
            "safeLabel": "EverstartedARVforyourowntreatment",
            "skip_logic": "ResultOfQuestion('HaveyoueverhadanHIVtest') isnt 'Yes'",
            "type": "radio",
            "validation": ""
        },
        {
            "_id": "1331",
            "action_on_change": "",
            "action_on_questions_loaded": "",
            "id": "1331",
            "label": "Do you know the year when you started ARV?",
            "radio-options": "Yes, No",
            "repeatable": "false",
            "required": "true",
            "safeLabel": "DoyouknowtheyearwhenyoustartedARV",
            "skip_logic": "ResultOfQuestion('HaveyoueverhadanHIVtest') isnt 'Yes'",
            "type": "radio",
            "validation": ""
        },
        {
            "_id": "4921",
            "action_on_change": "",
            "action_on_questions_loaded": "",
            "id": "4921",
            "label": "What is the year when you started ARV?",
            "repeatable": "false",
            "required": "true",
            "safeLabel": "WhatistheyearwhenyoustartedARV",
            "skip_logic": "ResultOfQuestion('DoyouknowtheyearwhenyoustartedARV') isnt 'Yes'",
            "type": "number",
            "validation": "return 'Year must be greater than 1980 and less than #{moment().year()}' if value <= 1980 and value >= moment().year()"
        },
        {
            "_id": "1351",
            "action_on_change": "",
            "action_on_questions_loaded": "",
            "id": "1351",
            "label": "Do you know the month when you started ARV?",
            "radio-options": "Yes,No",
            "repeatable": "false",
            "required": "true",
            "safeLabel": "DoyouknowthemonthwhenyoustartedARV",
            "skip_logic": "ResultOfQuestion('DoyouknowtheyearwhenyoustartedARV') isnt 'Yes'",
            "type": "radio",
            "validation": ""
        },
        {
            "_id": "8561",
            "action_on_change": "",
            "action_on_questions_loaded": "",
            "id": "8561",
            "label": "What is your month when you started ARV?",
            "radio-options": "January, February, March, April, May, June, July, August, September, October, November, December",
            "repeatable": "false",
            "required": "true",
            "safeLabel": "WhatisyourmonthwhenyoustartedARV",
            "skip_logic": "ResultOfQuestion('DoyouknowthemonthwhenyoustartedARV') isnt 'Yes'",
            "type": "radio",
            "validation": ""
        },
        {
            "_id": "1931",
            "action_on_change": "",
            "action_on_questions_loaded": "",
            "id": "1931",
            "label": "Do you know the day when you started ARV?",
            "radio-options": "Yes,No",
            "repeatable": "false",
            "required": "true",
            "safeLabel": "DoyouknowthedaywhenyoustartedARV",
            "skip_logic": "ResultOfQuestion('DoyouknowthemonthwhenyoustartedARV') isnt 'Yes'",
            "type": "radio",
            "validation": ""
        },
        {
            "_id": "6691",
            "action_on_change": "",
            "action_on_questions_loaded": "",
            "id": "6691",
            "label": "What is the day when you started ARV?",
            "repeatable": "false",
            "required": "true",
            "safeLabel": "WhatisthedaywhenyoustartedARV",
            "skip_logic": "ResultOfQuestion('DoyouknowthedaywhenyoustartedARV') isnt 'Yes'",
            "type": "number",
            "validation": "return 'Invalid date' unless moment(ResultOfQuestion('WhatistheyearwhenyoustartedARV') + ' ' + ResultOfQuestion('WhatisyourmonthwhenyoustartedARV') + ' ' + value,'YYYY,MMMM,DD').isValid()"
        },
        {
            "_id": "209",
            "action_on_change": "",
            "action_on_questions_loaded": "",
            "id": "209",
            "label": "Are you currently taking ARV?",
            "radio-options": "Yes, No",
            "repeatable": "false",
            "required": "true",
            "safeLabel": "AreyoucurrentlytakingARV",
            "skip_logic": "ResultOfQuestion('EverstartedARVforyourowntreatment') isnt 'Yes' and ResultOfQuestion('EvertakenARVtopreventinfectiontounbornchild') isnt 'Yes'",
            "type": "radio",
            "validation": ""
        },
        {
            "_id": "976",
            "action_on_change": "",
            "action_on_questions_loaded": "",
            "id": "976",
            "label": "What is the name of the ARV you are currently taking?",
            "radio-options": "Stalanev (Lamivudine Nevirapine Stavudine),\nTriviro (Lamivudine Nevirapine Stavudine),\nTriomune (Lamivudine Nevirapine Stavudine),\nTenolam (Tenofovir)\nNevirapine,\nZidovudine,\nCombivir (ZDV Lamivudine),\nEfavirenz, \nCoviro(Lamivudine Stavudine),Tenolam EFV,Other",
            "repeatable": "false",
            "required": "true",
            "safeLabel": "WhatisthenameoftheARVyouarecurrentlytaking",
            "skip_logic": "ResultOfQuestion('AreyoucurrentlytakingARV') isnt 'Yes'",
            "type": "radio",
            "validation": ""
        },
        {
            "_id": "2976",
            "action_on_change": "",
            "action_on_questions_loaded": "",
            "id": "2976",
            "label": "What is the name of the other ARV you are currently taking?",
            "repeatable": "false",
            "required": "true",
            "safeLabel": "WhatisthenameoftheARVyouarecurrentlytaking",
            "skip_logic": "ResultOfQuestion('WhatisthenameoftheARVyouarecurrentlytaking') isnt 'Other'",
            "type": "autocomplete from previous entries",
            "validation": ""
        },
        {
            "_id": "1593",
            "action_on_change": "",
            "action_on_questions_loaded": "",
            "id": "1593",
            "label": "Do you know your CD4 count when you started taking ARV?",
            "radio-options": "Yes, No",
            "repeatable": "false",
            "required": "true",
            "safeLabel": "DoyouknowyourCD4countwhenyoustartedtakingARV",
            "skip_logic": "ResultOfQuestion('AreyoucurrentlytakingARV') isnt 'Yes'",
            "type": "radio",
            "validation": ""
        },
        {
            "_id": "183",
            "action_on_change": "",
            "action_on_questions_loaded": "",
            "id": "183",
            "label": "What was your CD4 count when you started taking ARV?",
            "repeatable": "false",
            "required": "true",
            "safeLabel": "WhatwasyourCD4countwhenyoustartedtakingARV",
            "skip_logic": "ResultOfQuestion('DoyouknowyourCD4countwhenyoustartedtakingARV') isnt 'Yes'",
            "type": "number",
            "validation": ""
        },
        {
            "_id": "403",
            "action_on_change": "",
            "action_on_questions_loaded": "",
            "id": "403",
            "label": "Have you ever stopped taking ARV?",
            "radio-options": "Yes, No",
            "repeatable": "false",
            "required": "true",
            "safeLabel": "HaveyoueverstoppedtakingARV",
            "skip_logic": "ResultOfQuestion('EverstartedARVforyourowntreatment') isnt 'Yes' and ResultOfQuestion('EvertakenARVtopreventinfectiontounbornchild') isnt 'Yes'",
            "type": "radio",
            "validation": ""
        },
        {
            "_id": "848",
            "action_on_change": "",
            "action_on_questions_loaded": "",
            "id": "848",
            "label": "Why did you stop ARV?",
            "radio-options": "Not available at clinic, Could not afford, Was out of town/could not get to clinic, Side effects, Other",
            "repeatable": "false",
            "required": "true",
            "safeLabel": "WhydidyoustopARV",
            "skip_logic": "ResultOfQuestion('HaveyoueverstoppedtakingARV') isnt 'Yes'",
            "type": "radio",
            "validation": ""
        },
        {
            "_id": "553",
            "action_on_change": "",
            "action_on_questions_loaded": "",
            "id": "553",
            "label": "Other reason for stopping ARV",
            "repeatable": "false",
            "required": "true",
            "safeLabel": "OtherreasonforstoppingARV",
            "skip_logic": "ResultOfQuestion('WhydidyoustopARV') isnt 'Other'",
            "type": "autocomplete from previous entries",
            "validation": ""
        },
        {
            "_id": "211193",
            "action_on_change": "",
            "action_on_questions_loaded": "",
            "id": "211193",
            "label": "Have you ever had your viral load tested?",
            "radio-options": "Yes, No, Don't Know",
            "repeatable": "false",
            "required": "true",
            "safeLabel": "Haveyoueverhadyourviralloadtested",
            "skip_logic": "",
            "type": "radio",
            "validation": ""
        },
        {
            "_id": "593",
            "action_on_change": "",
            "action_on_questions_loaded": "",
            "id": "593",
            "label": "Do you know what your last viral load was?",
            "radio-options": "Yes, No",
            "repeatable": "false",
            "required": "true",
            "safeLabel": "Doyouknowwhatyourlastviralloadwas",
            "skip_logic": "ResultOfQuestion('Haveyoueverhadyourviralloadtested') isnt 'Yes'",
            "type": "radio",
            "validation": ""
        },
        {
            "_id": "990",
            "action_on_change": "",
            "action_on_questions_loaded": "",
            "id": "990",
            "label": "Reminder: Bring health card on next visit",
            "repeatable": "false",
            "required": "true",
            "safeLabel": "Examination",
            "skip_logic": "ResultOfQuestion('Doyouknowwhatyourlastviralloadwas') isnt 'No'",
            "type": "label",
            "validation": ""
        },
        {
            "_id": "962",
            "action_on_change": "",
            "action_on_questions_loaded": "",
            "id": "962",
            "label": "What was your last viral load (copies/ml)?",
            "repeatable": "false",
            "required": "true",
            "safeLabel": "Whatwasyourlastviralloadcopiesml",
            "skip_logic": "ResultOfQuestion('Doyouknowwhatyourlastviralloadwas') isnt 'Yes'",
            "type": "number",
            "validation": ""
        },
        {
            "_id": "393",
            "action_on_change": "",
            "action_on_questions_loaded": "",
            "id": "393",
            "label": "What type of clinic do you currently receive your ARV from?",
            "radio-options": "Sisters clinic, Government clinic, Private clinic, Other",
            "repeatable": "false",
            "required": "true",
            "safeLabel": "WhattypeofclinicdoyoucurrentlyreceiveyourARVfrom",
            "skip_logic": "ResultOfQuestion('AreyoucurrentlytakingARV') isnt 'Yes'",
            "type": "radio",
            "validation": ""
        },
        {
            "_id": "277",
            "action_on_change": "",
            "action_on_questions_loaded": "",
            "id": "277",
            "label": "Other kind of clinic that you receive your ARV from?",
            "repeatable": "false",
            "required": "true",
            "safeLabel": "OtherkindofclinicthatyoureceiveyourARVfrom",
            "skip_logic": "ResultOfQuestion('WhattypeofclinicdoyoucurrentlyreceiveyourARVfrom') isnt 'Other'",
            "type": "autocomplete from previous entries",
            "validation": ""
        },
        {
            "_id": "432",
            "action_on_change": "",
            "action_on_questions_loaded": "",
            "id": "432",
            "label": "Are there any barriers/obstacles/difficulties to accessing ARV?",
            "radio-options": "Yes, No, Don't know",
            "repeatable": "false",
            "required": "true",
            "safeLabel": "ArethereanybarriersobstaclesdifficultiestoaccessingARV",
            "skip_logic": "ResultOfQuestion('EverstartedARVforyourowntreatment') isnt 'Yes' and ResultOfQuestion('EvertakenARVtopreventinfectiontounbornchild') isnt 'Yes'",
            "type": "radio",
            "validation": ""
        },
        {
            "_id": "30",
            "action_on_change": "",
            "action_on_questions_loaded": "",
            "id": "30",
            "label": "What are the barriers/obstacles/difficulties to accessing ARV?",
            "repeatable": "false",
            "required": "true",
            "safeLabel": "WhatarethebarriersobstaclesdifficultiestoaccessingARV",
            "skip_logic": "ResultOfQuestion('ArethereanybarriersobstaclesdifficultiestoaccessingARV') isnt 'Yes'",
            "type": "autocomplete from previous entries",
            "validation": ""
        },
        {
            "_id": "731",
            "action_on_change": "",
            "action_on_questions_loaded": "",
            "id": "731",
            "label": "What is the distance from where you live to your ARV clinic?",
            "radio-options": "Less than 1km, 1-3km, 3-5km, 5-10km, 10-20km, 20-50km, 50-100km,\tMore than 100km",
            "repeatable": "false",
            "required": "true",
            "safeLabel": "WhatisthedistancefromwhereyoulivetoyourARVclinic",
            "skip_logic": "ResultOfQuestion('AreyoucurrentlytakingARV') isnt 'Yes'",
            "type": "radio",
            "validation": ""
        },
        {
            "_id": "155",
            "action_on_change": "",
            "action_on_questions_loaded": "",
            "id": "155",
            "label": "What is the cost to visit your ARV clinic (specify round trip cost)?",
            "radio-options": "Nothing,$1,$1-$2,$3-$5,>$5",
            "repeatable": "false",
            "required": "true",
            "safeLabel": "WhatisthecosttovisityourARVclinicspecifyroundtripcost",
            "skip_logic": "ResultOfQuestion('AreyoucurrentlytakingARV') isnt 'Yes'",
            "type": "radio",
            "validation": ""
        },
        {
            "_id": "990",
            "action_on_change": "",
            "action_on_questions_loaded": "",
            "id": "990",
            "label": "Examination",
            "repeatable": "false",
            "required": "true",
            "safeLabel": "Examination",
            "skip_logic": "",
            "type": "label",
            "validation": ""
        },
        {
            "_id": "34",
            "action_on_change": "SkipTheseWhen('ExaminationFindings,Abnormalvaginaldischarge,Cervicalmucopus,Cervicalfriability,Cervixexcitationtenderness,Anogenitalulcers,Tendernessinrightfornix,Tendernessinleftfornix,pHtaken,pHResult,KOHtaken,KOHResult,VaginalswabforTVtaken,CervicalswabforGCMCtaken,CervicalswabforChlamydiaPCR,ClinicalDiagnosis,GenitalHerpesdiagnosed,GenitalVDSdiagnosed,GenitalPIDdiagnosed,GenitalWartsdiagnosed,Candidadiagnosed,Genitalulcerdiagnosed,BartholinAbscessdiagnosed,WasVIACperformed',value is 'No')",
            "action_on_questions_loaded": "",
            "id": "34",
            "label": "Was an examination performed?",
            "radio-options": "Yes, No",
            "repeatable": "false",
            "required": "true",
            "safeLabel": "Wasanexaminationperformed",
            "skip_logic": "",
            "type": "radio",
            "validation": ""
        },
        {
            "_id": "5253",
            "action_on_change": "",
            "action_on_questions_loaded": "",
            "id": "5253",
            "label": "Why was an examination not performed?",
            "repeatable": "false",
            "required": "true",
            "safeLabel": "Whywasanexaminationnotperformed",
            "skip_logic": "ResultOfQuestion('Wasanexaminationperformed') isnt 'No'",
            "type": "autocomplete from previous entries",
            "validation": ""
        },
        {
            "_id": "898",
            "action_on_change": "",
            "action_on_questions_loaded": "",
            "id": "898",
            "label": "Examination Findings",
            "repeatable": "false",
            "required": "true",
            "safeLabel": "ExaminationFindings",
            "skip_logic": "",
            "type": "label",
            "validation": ""
        },
        {
            "_id": "242",
            "action_on_change": "",
            "action_on_questions_loaded": "",
            "id": "242",
            "label": "Abnormal vaginal discharge",
            "radio-options": "Yes, No",
            "repeatable": "false",
            "required": "true",
            "safeLabel": "Abnormalvaginaldischarge",
            "skip_logic": "",
            "type": "radio",
            "validation": ""
        },
        {
            "_id": "1874",
            "action_on_change": "",
            "action_on_questions_loaded": "",
            "id": "1874",
            "label": "Cervical mucopus",
            "radio-options": "Yes, No",
            "repeatable": "false",
            "required": "true",
            "safeLabel": "Cervicalmucopus",
            "skip_logic": "",
            "type": "radio",
            "validation": ""
        },
        {
            "_id": "938",
            "action_on_change": "",
            "action_on_questions_loaded": "",
            "id": "938",
            "label": "Cervical friability",
            "radio-options": "Yes, No",
            "repeatable": "false",
            "required": "true",
            "safeLabel": "Cervicalfriability",
            "skip_logic": "",
            "type": "radio",
            "validation": ""
        },
        {
            "_id": "482",
            "action_on_change": "",
            "action_on_questions_loaded": "",
            "id": "482",
            "label": "Cervix excitation tenderness",
            "radio-options": "Yes, No",
            "repeatable": "false",
            "required": "true",
            "safeLabel": "Cervixexcitationtenderness",
            "skip_logic": "",
            "type": "radio",
            "validation": ""
        },
        {
            "_id": "106",
            "action_on_change": "",
            "action_on_questions_loaded": "",
            "id": "106",
            "label": "Anogenital ulcers",
            "radio-options": "Yes, No",
            "repeatable": "false",
            "required": "true",
            "safeLabel": "Anogenitalulcers",
            "skip_logic": "",
            "type": "radio",
            "validation": ""
        },
        {
            "_id": "492",
            "action_on_change": "",
            "action_on_questions_loaded": "",
            "id": "492",
            "image-path": "/coconut/_design/coconut/images/anogenital.png",
            "image-style": "width:100%",
            "label": "Anogenital Image",
            "repeatable": "false",
            "required": "false",
            "safeLabel": "AnogenitalImage",
            "skip_logic": "ResultOfQuestion('Anogenitalulcers') isnt 'Yes'",
            "type": "image",
            "validation": ""
        },
        {
            "_id": "6881",
            "action_on_change": "",
            "action_on_questions_loaded": "",
            "id": "6881",
            "label": "Ulcer at site A",
            "radio-options": "Yes, No",
            "repeatable": "false",
            "required": "true",
            "safeLabel": "Ulceratsitea",
            "skip_logic": "ResultOfQuestion('Anogenitalulcers') isnt 'Yes'",
            "type": "radio",
            "validation": ""
        },
        {
            "_id": "6882",
            "action_on_change": "",
            "action_on_questions_loaded": "",
            "id": "6882",
            "label": "Ulcer at site B",
            "radio-options": "Yes, No",
            "repeatable": "false",
            "required": "true",
            "safeLabel": "Ulceratsiteb",
            "skip_logic": "ResultOfQuestion('Anogenitalulcers') isnt 'Yes'",
            "type": "radio",
            "validation": ""
        },
        {
            "_id": "6883",
            "action_on_change": "",
            "action_on_questions_loaded": "",
            "id": "6883",
            "label": "Ulcer at site C",
            "radio-options": "Yes, No",
            "repeatable": "false",
            "required": "true",
            "safeLabel": "Ulceratsitec",
            "skip_logic": "ResultOfQuestion('Anogenitalulcers') isnt 'Yes'",
            "type": "radio",
            "validation": ""
        },
        {
            "_id": "6884",
            "action_on_change": "",
            "action_on_questions_loaded": "",
            "id": "6884",
            "label": "Ulcer at site D",
            "radio-options": "Yes, No",
            "repeatable": "false",
            "required": "true",
            "safeLabel": "Ulceratsited",
            "skip_logic": "ResultOfQuestion('Anogenitalulcers') isnt 'Yes'",
            "type": "radio",
            "validation": ""
        },
        {
            "_id": "6885",
            "action_on_change": "",
            "action_on_questions_loaded": "",
            "id": "6885",
            "label": "Ulcer at site E",
            "radio-options": "Yes, No",
            "repeatable": "false",
            "required": "true",
            "safeLabel": "Ulceratsitee",
            "skip_logic": "ResultOfQuestion('Anogenitalulcers') isnt 'Yes'",
            "type": "radio",
            "validation": ""
        },
        {
            "_id": "6886",
            "action_on_change": "",
            "action_on_questions_loaded": "",
            "id": "6886",
            "label": "Ulcer at site F",
            "radio-options": "Yes, No",
            "repeatable": "false",
            "required": "true",
            "safeLabel": "Ulceratsitef",
            "skip_logic": "ResultOfQuestion('Anogenitalulcers') isnt 'Yes'",
            "type": "radio",
            "validation": ""
        },
        {
            "_id": "498",
            "action_on_change": "",
            "action_on_questions_loaded": "",
            "id": "498",
            "label": "Tenderness in left fornix",
            "radio-options": "Yes, No",
            "repeatable": "false",
            "required": "true",
            "safeLabel": "Tendernessinleftfornix",
            "skip_logic": "",
            "type": "radio",
            "validation": ""
        },
        {
            "_id": "4498",
            "action_on_change": "",
            "action_on_questions_loaded": "",
            "id": "4498",
            "label": "Tenderness in right fornix",
            "radio-options": "Yes, No",
            "repeatable": "false",
            "required": "true",
            "safeLabel": "Tendernessinrightfornix",
            "skip_logic": "",
            "type": "radio",
            "validation": ""
        },
        {
            "_id": "943",
            "action_on_change": "",
            "action_on_questions_loaded": "",
            "id": "943",
            "label": "pH taken",
            "radio-options": "Yes, No",
            "repeatable": "false",
            "required": "true",
            "safeLabel": "pHtaken",
            "skip_logic": "",
            "type": "radio",
            "validation": ""
        },
        {
            "_id": "14",
            "action_on_change": "",
            "action_on_questions_loaded": "",
            "id": "14",
            "label": "pH Result",
            "repeatable": "false",
            "required": "true",
            "safeLabel": "pHResult",
            "skip_logic": "ResultOfQuestion('pHtaken') isnt 'Yes'",
            "type": "number",
            "validation": "if parseInt(value) < 3 or parseInt(value) > 8 then return 'Value must be between 3.0 and 8.0' else if not value.match(/([1-9]\\d*|0)(\\.\\d)/) then return 'Value must include one decimal point.'"
        },
        {
            "_id": "3943",
            "action_on_change": "",
            "action_on_questions_loaded": "",
            "id": "3943",
            "label": "KOH taken",
            "radio-options": "Yes, No",
            "repeatable": "false",
            "required": "true",
            "safeLabel": "KOHtaken",
            "skip_logic": "",
            "type": "radio",
            "validation": ""
        },
        {
            "_id": "3314",
            "action_on_change": "",
            "action_on_questions_loaded": "",
            "id": "3314",
            "label": "KOH Result",
            "radio-options": "Positive, Negative",
            "repeatable": "false",
            "required": "true",
            "safeLabel": "KOHResult",
            "skip_logic": "ResultOfQuestion('KOHtaken') isnt 'Yes'",
            "type": "radio",
            "validation": ""
        },
        {
            "_id": "344",
            "action_on_change": "",
            "action_on_questions_loaded": "",
            "id": "344",
            "label": "Vaginal swab for TV taken",
            "radio-options": "Yes,No",
            "repeatable": "false",
            "required": "true",
            "safeLabel": "VaginalswabforTVtaken",
            "skip_logic": "",
            "type": "radio",
            "validation": ""
        },
        {
            "_id": "495",
            "action_on_change": "",
            "action_on_questions_loaded": "",
            "id": "495",
            "label": "Cervical swab for GC M&C taken",
            "radio-options": "Yes,No",
            "repeatable": "false",
            "required": "true",
            "safeLabel": "CervicalswabforGCMCtaken",
            "skip_logic": "",
            "type": "radio",
            "validation": ""
        },
        {
            "_id": "972",
            "action_on_change": "",
            "action_on_questions_loaded": "",
            "id": "972",
            "label": "Cervical swab for Chlamydia PCR",
            "radio-options": "Yes,No",
            "repeatable": "false",
            "required": "true",
            "safeLabel": "CervicalswabforChlamydiaPCR",
            "skip_logic": "",
            "type": "radio",
            "validation": ""
        },
        {
            "_id": "1333",
            "action_on_change": "",
            "action_on_questions_loaded": "",
            "id": "1333",
            "label": "Clinical Diagnosis",
            "repeatable": "false",
            "required": "true",
            "safeLabel": "ClinicalDiagnosis",
            "skip_logic": "",
            "type": "label",
            "validation": ""
        },
        {
            "_id": "2257",
            "action_on_change": "",
            "action_on_questions_loaded": "",
            "id": "2257",
            "label": "Genital Herpes diagnosed",
            "radio-options": "Yes, No",
            "repeatable": "false",
            "required": "true",
            "safeLabel": "GenitalHerpesdiagnosed",
            "skip_logic": "",
            "type": "radio",
            "validation": ""
        },
        {
            "_id": "2157",
            "action_on_change": "",
            "action_on_questions_loaded": "",
            "id": "2157",
            "label": "Treatment for Genital Herpes",
            "radio-options": "Prescribed Acyclovir 400 mg tds for 7/7, Other",
            "repeatable": "false",
            "required": "true",
            "safeLabel": "TreatmentforGenitalHerpes",
            "skip_logic": "ResultOfQuestion('GenitalHerpesdiagnosed') isnt 'Yes'",
            "type": "radio",
            "validation": ""
        },
        {
            "_id": "2251",
            "action_on_change": "",
            "action_on_questions_loaded": "",
            "id": "2251",
            "label": "Other treatment for Genital Herpes",
            "repeatable": "false",
            "required": "true",
            "safeLabel": "OthertreatmentforGenitalHerpes",
            "skip_logic": "ResultOfQuestion('TreatmentforGenitalHerpes') isnt 'Other'",
            "type": "autocomplete from previous entries",
            "validation": ""
        },
        {
            "_id": "4257",
            "action_on_change": "",
            "action_on_questions_loaded": "",
            "id": "4257",
            "label": "Genital VDS diagnosed",
            "radio-options": "Yes, No",
            "repeatable": "false",
            "required": "true",
            "safeLabel": "GenitalVDSdiagnosed",
            "skip_logic": "",
            "type": "radio",
            "validation": ""
        },
        {
            "_id": "4157",
            "action_on_change": "",
            "action_on_questions_loaded": "",
            "id": "4157",
            "label": "Treatment for VDS",
            "radio-options": "Kanamycin 2g IM stat<br/>Doxycycline 100mg bd for 7/7<br/>Metronidazole 400mg tds for 7/7, Ceftriaxone 250mg IM stat<br/>Doxycycline 100mg bd for 7/7<br/>Metronidazole 400mg tds for 7/7, Ceftriaxone 250mg IM stat<br/>Doxycycline 100mg bd for 7/7<br/>Metronidazole 2g (o) stat, Other",
            "repeatable": "false",
            "required": "true",
            "safeLabel": "TreatmentforVDS",
            "skip_logic": "ResultOfQuestion('GenitalVDSdiagnosed') isnt 'Yes'",
            "type": "radio",
            "validation": ""
        },
        {
            "_id": "4251",
            "action_on_change": "",
            "action_on_questions_loaded": "",
            "id": "4251",
            "label": "Other treatment for VDS",
            "repeatable": "false",
            "required": "true",
            "safeLabel": "OthertreatmentforVDS",
            "skip_logic": "ResultOfQuestion('TreatmentforVDS') isnt 'Other'",
            "type": "autocomplete from previous entries",
            "validation": ""
        },
        {
            "_id": "3257",
            "action_on_change": "",
            "action_on_questions_loaded": "",
            "id": "3257",
            "label": "Genital PID diagnosed",
            "radio-options": "Yes, No, Don't know",
            "repeatable": "false",
            "required": "true",
            "safeLabel": "GenitalPIDdiagnosed",
            "skip_logic": "",
            "type": "radio",
            "validation": ""
        },
        {
            "_id": "3157",
            "action_on_change": "",
            "action_on_questions_loaded": "",
            "id": "3157",
            "label": "Treatment for PID",
            "radio-options": "Kanamycin 2g IM stat<br/>Doxycycline 100mg bd for 7/7<br/>Metronidazole 400mg tds for 10/7, Ceftriaxone 250mg IM stat<br/>Doxycycline 100mg bd for 7/7<br/>Metronidazole 400mg tds for 10/7, Ceftriaxone 250mg IM stat<br/>Doxycycline 100mg bd for 14/7<br/>Metronidazole 400 mg bd (o) stat for 14/7, Other",
            "repeatable": "false",
            "required": "true",
            "safeLabel": "TreatmentforPID",
            "skip_logic": "ResultOfQuestion('GenitalPIDdiagnosed') isnt 'Yes'",
            "type": "radio",
            "validation": ""
        },
        {
            "_id": "3251",
            "action_on_change": "",
            "action_on_questions_loaded": "",
            "id": "3251",
            "label": "Other treatment for PID",
            "repeatable": "false",
            "required": "true",
            "safeLabel": "OthertreatmentforPID",
            "skip_logic": "ResultOfQuestion('TreatmentforPID') isnt 'Other'",
            "type": "autocomplete from previous entries",
            "validation": ""
        },
        {
            "_id": "3259",
            "action_on_change": "",
            "action_on_questions_loaded": "",
            "id": "3259",
            "label": "Genital Warts diagnosed",
            "radio-options": "Yes, No",
            "repeatable": "false",
            "required": "true",
            "safeLabel": "GenitalWartsdiagnosed",
            "skip_logic": "",
            "type": "radio",
            "validation": ""
        },
        {
            "_id": "3159",
            "action_on_change": "",
            "action_on_questions_loaded": "",
            "id": "3159",
            "label": "Treatment for Genital Warts",
            "radio-options": "Cryotherapy, Podophyllin, Other",
            "repeatable": "false",
            "required": "true",
            "safeLabel": "TreatmentforGenitalWarts",
            "skip_logic": "ResultOfQuestion('GenitalWartsdiagnosed') isnt 'Yes'",
            "type": "radio",
            "validation": ""
        },
        {
            "_id": "3359",
            "action_on_change": "",
            "action_on_questions_loaded": "",
            "id": "3359",
            "label": "Other treatment for Genital Warts",
            "repeatable": "false",
            "required": "true",
            "safeLabel": "OthertreatmentforGenitalWarts",
            "skip_logic": "ResultOfQuestion('TreatmentforGenitalWarts') isnt 'Other'",
            "type": "autocomplete from previous entries",
            "validation": ""
        },
        {
            "_id": "9259",
            "action_on_change": "",
            "action_on_questions_loaded": "",
            "id": "9259",
            "label": "Candida diagnosed",
            "radio-options": "Yes, No",
            "repeatable": "false",
            "required": "true",
            "safeLabel": "Candidadiagnosed",
            "skip_logic": "",
            "type": "radio",
            "validation": ""
        },
        {
            "_id": "9159",
            "action_on_change": "",
            "action_on_questions_loaded": "",
            "id": "9159",
            "label": "Treatment for Candida",
            "radio-options": "Clotrimazole cream, Nystatin pessaries, Other",
            "repeatable": "false",
            "required": "true",
            "safeLabel": "TreatmentforCandida",
            "skip_logic": "ResultOfQuestion('Candidadiagnosed') isnt 'Yes'",
            "type": "radio",
            "validation": ""
        },
        {
            "_id": "9359",
            "action_on_change": "",
            "action_on_questions_loaded": "",
            "id": "9359",
            "label": "Other treatment for Candida",
            "repeatable": "false",
            "required": "true",
            "safeLabel": "OthertreatmentforCandida",
            "skip_logic": "ResultOfQuestion('TreatmentforCandida') isnt 'Other'",
            "type": "autocomplete from previous entries",
            "validation": ""
        },
        {
            "_id": "19259",
            "action_on_change": "",
            "action_on_questions_loaded": "",
            "id": "19259",
            "label": "Genital ulcer diagnosed",
            "radio-options": "Yes, No",
            "repeatable": "false",
            "required": "true",
            "safeLabel": "Genitalulcerdiagnosed",
            "skip_logic": "",
            "type": "radio",
            "validation": ""
        },
        {
            "_id": "19159",
            "action_on_change": "",
            "action_on_questions_loaded": "",
            "id": "19159",
            "label": "Treatment for genital ulcer",
            "radio-options": "Benzathine penicillin 2.4mU IM<br/>Erythromycin 500mg qds for 7/7<br/>Acyclovir 400mg tds for 7/7, Other",
            "repeatable": "false",
            "required": "true",
            "safeLabel": "Treatmentforgenitalulcer",
            "skip_logic": "ResultOfQuestion('Genitalulcerdiagnosed') isnt 'Yes'",
            "type": "radio",
            "validation": ""
        },
        {
            "_id": "19359",
            "action_on_change": "",
            "action_on_questions_loaded": "",
            "id": "19359",
            "label": "Other treatment for genital ulcer",
            "repeatable": "false",
            "required": "true",
            "safeLabel": "Othertreatmentforgenitalulcer",
            "skip_logic": "ResultOfQuestion('Treatmentforgenitalulcer') isnt 'Other'",
            "type": "autocomplete from previous entries",
            "validation": ""
        },
        {
            "_id": "29259",
            "action_on_change": "",
            "action_on_questions_loaded": "",
            "id": "29259",
            "label": "Bartholin Abscess diagnosed",
            "radio-options": "Yes, No",
            "repeatable": "false",
            "required": "true",
            "safeLabel": "BartholinAbscessdiagnosed",
            "skip_logic": "",
            "type": "radio",
            "validation": ""
        },
        {
            "_id": "29333",
            "action_on_change": "",
            "action_on_questions_loaded": "",
            "id": "29333",
            "label": "Treatment for Bartholin Abscess",
            "radio-options": "Kanamycin 2g IM stat<br/>Doxycycline 100mg bd for 7/7<br/>Metronidazole 400mg tds for 7/7<br/>Erythromycin 500mg qds for 14 days, Ceftriaxone 250mg IM stat<br/>Doxycycline 100mg bd for 7/7<br/>Metronidazole 400mg tds for 7/7<br/>Erythromycin 500mg qds for 14 days, Other",
            "repeatable": "false",
            "required": "true",
            "safeLabel": "TreatmentforBartholinAbscess",
            "skip_logic": "ResultOfQuestion('BartholinAbscessdiagnosed') isnt 'Yes'",
            "type": "radio",
            "validation": ""
        },
        {
            "_id": "29359",
            "action_on_change": "",
            "action_on_questions_loaded": "",
            "id": "29359",
            "label": "Other treatment for Bartholin Abscess",
            "repeatable": "false",
            "required": "true",
            "safeLabel": "OthertreatmentforBartholinAbscess",
            "skip_logic": "ResultOfQuestion('TreatmentforBartholinAbscess') isnt 'Other'",
            "type": "autocomplete from previous entries",
            "validation": ""
        },
        {
            "_id": "39459",
            "action_on_change": "",
            "action_on_questions_loaded": "",
            "id": "39459",
            "label": "Was VIAC performed",
            "radio-options": "Yes, No",
            "repeatable": "false",
            "required": "true",
            "safeLabel": "WasVIACperformed",
            "skip_logic": "",
            "type": "radio",
            "validation": ""
        },
        {
            "_id": "39259",
            "action_on_change": "",
            "action_on_questions_loaded": "",
            "id": "39259",
            "label": "Cervical abnormality diagnosed",
            "radio-options": "Positive, Negative, Potential Cancer",
            "repeatable": "false",
            "required": "true",
            "safeLabel": "Cervicalabnormalitydiagnosed",
            "skip_logic": "ResultOfQuestion('WasVIACperformed') isnt 'Yes'",
            "type": "radio",
            "validation": ""
        },
        {
            "_id": "39333",
            "action_on_change": "",
            "action_on_questions_loaded": "",
            "id": "39333",
            "label": "Treatment for positive cervical abnormality",
            "radio-options": "Cryotherapy, Referred to O&G, Other",
            "repeatable": "false",
            "required": "true",
            "safeLabel": "Treatmentforcervicalabnormality",
            "skip_logic": "ResultOfQuestion('Cervicalabnormalitydiagnosed') isnt 'Positive' and ResultOfQuestion('Cervicalabnormalitydiagnosed') isnt 'Potential Cancer'",
            "type": "radio",
            "validation": ""
        },
        {
            "_id": "39359",
            "action_on_change": "",
            "action_on_questions_loaded": "",
            "id": "39359",
            "label": "Other treatment for positive cervical abnormality",
            "repeatable": "false",
            "required": "true",
            "safeLabel": "Othertreatmentforcervicalabnormality",
            "skip_logic": "ResultOfQuestion('Treatmentforcervicalabnormality') isnt 'Other'",
            "type": "autocomplete from previous entries",
            "validation": ""
        },
        {
            "_id": "99333",
            "action_on_change": "",
            "action_on_questions_loaded": "",
            "id": "99333",
            "label": "Treatment for potential cancer",
            "radio-options": "Refer, Nothing, Other",
            "repeatable": "false",
            "required": "true",
            "safeLabel": "Treatmentforpotentialcancer",
            "skip_logic": "ResultOfQuestion('Cervicalabnormalitydiagnosed') isnt 'Potential Cancer'",
            "type": "radio",
            "validation": ""
        },
        {
            "_id": "99359",
            "action_on_change": "",
            "action_on_questions_loaded": "",
            "id": "99359",
            "label": "Other treatment for potential cancer",
            "repeatable": "false",
            "required": "true",
            "safeLabel": "Othertreatmentforpotentialcancer",
            "skip_logic": "ResultOfQuestion('Treatmentforpotentialcancer') isnt 'Other'",
            "type": "autocomplete from previous entries",
            "validation": ""
        },
        {
            "_id": "377",
            "action_on_change": "",
            "action_on_questions_loaded": "",
            "id": "377",
            "label": "Blood taken for Syphilis RPR TPHA",
            "radio-options": "Yes, No",
            "repeatable": "false",
            "required": "true",
            "safeLabel": "BloodtakenforSyphilisRPRTPHA",
            "skip_logic": "",
            "type": "radio",
            "validation": ""
        },
        {
            "_id": "2377",
            "action_on_change": "",
            "action_on_questions_loaded": "",
            "id": "2377",
            "label": "Result for Syphilis RPR TPHA",
            "radio-options": "Positive, Negative",
            "repeatable": "false",
            "required": "true",
            "safeLabel": "ResultforSyphilisRPRTPHA",
            "skip_logic": "ResultOfQuestion('BloodtakenforSyphilisRPRTPHA') isnt 'Yes'",
            "type": "radio",
            "validation": ""
        },
        {
            "_id": "566",
            "action_on_change": "",
            "action_on_questions_loaded": "",
            "id": "566",
            "label": "Was the client offered an HIV test?",
            "radio-options": "Yes, No",
            "repeatable": "false",
            "required": "true",
            "safeLabel": "WastheclientofferedanHIVtest",
            "skip_logic": "",
            "type": "radio",
            "validation": ""
        },
        {
            "_id": "1566",
            "action_on_change": "",
            "action_on_questions_loaded": "",
            "id": "1566",
            "label": "Reason client was not offered an HIV test",
            "radio-options": "Clinician already knows that client is HIV positive, Other",
            "repeatable": "false",
            "required": "true",
            "safeLabel": "ReasonclientwasnotofferedanHIVtest",
            "skip_logic": "ResultOfQuestion('WastheclientofferedanHIVtest') isnt 'No'",
            "type": "radio",
            "validation": ""
        },
        {
            "_id": "199259",
            "action_on_change": "",
            "action_on_questions_loaded": "",
            "id": "199259",
            "label": "Other reason client was not offered an HIV Test",
            "repeatable": "false",
            "required": "false",
            "skip_logic": "ResultOfQuestion('ReasonclientwasnotofferedanHIVtest') isnt 'Other'",
            "type": "autocomplete from previous entries",
            "validation": ""
        },
        {
            "_id": "1546",
            "action_on_change": "",
            "action_on_questions_loaded": "",
            "id": "1546",
            "label": "Client agreed to HIV test",
            "radio-options": "Yes, No",
            "repeatable": "false",
            "required": "true",
            "safeLabel": "ClientagreedtoHIVtest",
            "skip_logic": "ResultOfQuestion('WastheclientofferedanHIVtest') isnt 'Yes'",
            "type": "radio",
            "validation": ""
        },
        {
            "_id": "1266",
            "action_on_change": "",
            "action_on_questions_loaded": "",
            "id": "1266",
            "label": "Reason client declined HIV test",
            "radio-options": "Client already knows that they are HIV positive, Client tested HIV negative within the last 3 months, Other",
            "repeatable": "false",
            "required": "true",
            "safeLabel": "ReasonclientdeclinedHIVtest",
            "skip_logic": "ResultOfQuestion('ClientagreedtoHIVtest') isnt 'No'",
            "type": "radio",
            "validation": ""
        },
        {
            "_id": "99259",
            "action_on_change": "",
            "action_on_questions_loaded": "",
            "id": "99259",
            "label": "Other reason client declined HIV test",
            "repeatable": "false",
            "required": "false",
            "safeLabel": "Other reason client declined HIV test",
            "skip_logic": "ResultOfQuestion('ReasonclientdeclinedHIVtest') isnt 'Other'",
            "type": "autocomplete from previous entries",
            "validation": ""
        },
        {
            "_id": "986",
            "action_on_change": "",
            "action_on_questions_loaded": "",
            "id": "986",
            "label": "Result of HIV test",
            "radio-options": "Positive, Negative, Inconclusive",
            "repeatable": "false",
            "required": "true",
            "safeLabel": "ResultofHIVtest",
            "skip_logic": "ResultOfQuestion('ClientagreedtoHIVtest') isnt 'Yes'",
            "type": "radio",
            "validation": ""
        },
        {
            "_id": "965",
            "action_on_change": "",
            "action_on_questions_loaded": "",
            "id": "965",
            "label": "Was a pregnancy test performed?",
            "radio-options": "Yes, No",
            "repeatable": "false",
            "required": "true",
            "safeLabel": "Wasapregnancytestperformed",
            "skip_logic": "",
            "type": "radio",
            "validation": ""
        },
        {
            "_id": "724",
            "action_on_change": "",
            "action_on_questions_loaded": "",
            "id": "724",
            "label": "Result of pregnancy test",
            "radio-options": "Pregnant, Not Pregnant",
            "repeatable": "false",
            "required": "true",
            "safeLabel": "Resultofpregnancytest",
            "skip_logic": "ResultOfQuestion('Wasapregnancytestperformed') isnt 'Yes'",
            "type": "radio",
            "validation": ""
        },
        {
            "_id": "4499",
            "action_on_change": "",
            "action_on_questions_loaded": "",
            "id": "4499",
            "label": "Comments or other drugs given to client",
            "repeatable": "false",
            "required": "false",
            "skip_logic": "",
            "type": "text",
            "validation": ""
        },
        {
            "_id": "63",
            "action_on_change": "",
            "action_on_questions_loaded": "",
            "id": "63",
            "label": "complete",
            "repeatable": "false",
            "required": "true",
            "safeLabel": "complete",
            "skip_logic": "",
            "type": "checkbox",
            "validation": ""
        }
    ],
    "required": "false"
}
